All/JPEGImages/Adachi_20170920150509.jpg,6,0.6877,-102,301,511,569
All/JPEGImages/Adachi_20170906151017.jpg,1,0.5765,111,345,219,605
All/JPEGImages/Adachi_20170908104459.jpg,1,0.6177,80,289,255,573
All/JPEGImages/Adachi_20170908093958.jpg,1,0.6163,395,259,604,521
All/JPEGImages/Adachi_20170912143243.jpg,1,0.8401,346,299,411,583
All/JPEGImages/Adachi_20170906151015.jpg,1,0.6637,145,291,250,569
All/JPEGImages/Adachi_20170906153522.jpg,1,0.8111,325,333,551,559
All/JPEGImages/Adachi_20170908104623.jpg,1,0.5725,43,217,286,565
All/JPEGImages/Adachi_20170908135014.jpg,7,0.7724,88,350,218,587
All/JPEGImages/Adachi_20170907151509.jpg,1,0.6544,115,274,293,592
All/JPEGImages/Adachi_20170912133737.jpg,1,0.7876,299,319,580,572
All/JPEGImages/Adachi_20170914104401.jpg,7,0.7452,95,334,230,609
All/JPEGImages/Adachi_20170908100526.jpg,1,0.6012,74,258,240,595
All/JPEGImages/Adachi_20170908104034.jpg,0,0.6788,358,214,432,566
All/JPEGImages/Adachi_20170908104034.jpg,0,0.5377,119,180,294,427
All/JPEGImages/Adachi_20170908104034.jpg,0,0.5131,4,248,232,525
All/JPEGImages/Adachi_20170908141637.jpg,6,0.5820,-83,155,676,368
All/JPEGImages/Adachi_20170908104505.jpg,1,0.8418,103,259,239,594
All/JPEGImages/Adachi_20170906151241.jpg,0,0.7363,63,298,190,580
All/JPEGImages/Adachi_20170914105043.jpg,1,0.8613,397,307,557,569
All/JPEGImages/Adachi_20170921153008.jpg,7,0.6770,9,265,121,433
All/JPEGImages/Adachi_20170908093824.jpg,0,0.6114,320,284,465,587
All/JPEGImages/Adachi_20170911112321.jpg,7,0.6251,262,237,694,470
All/JPEGImages/Adachi_20170911112321.jpg,0,0.6444,51,264,173,584
All/JPEGImages/Adachi_20170912152522.jpg,1,0.6050,164,345,252,602
All/JPEGImages/Adachi_20170913103829.jpg,1,0.5902,-19,153,192,365
All/JPEGImages/Adachi_20170912152153.jpg,1,0.6242,376,298,605,566
All/JPEGImages/Adachi_20170908103358.jpg,1,0.7523,381,191,469,500
All/JPEGImages/Adachi_20170908141733.jpg,1,0.8766,217,101,299,586
All/JPEGImages/Adachi_20170908104729.jpg,1,0.7415,70,209,282,581
All/JPEGImages/Adachi_20170908101018.jpg,1,0.7565,-1,278,243,585
All/JPEGImages/Adachi_20170908145958.jpg,7,0.7986,-55,114,262,376
All/JPEGImages/Adachi_20170907135055.jpg,1,0.8984,400,233,476,621
All/JPEGImages/Adachi_20170921110557.jpg,1,0.5446,25,343,114,604
All/JPEGImages/Adachi_20170912152249.jpg,1,0.6475,378,231,432,628
All/JPEGImages/Adachi_20170921145957.jpg,0,0.5196,154,298,243,559
All/JPEGImages/Adachi_20170912141925.jpg,1,0.6036,48,356,275,593
All/JPEGImages/Adachi_20170908101031.jpg,1,0.6168,383,244,613,531
All/JPEGImages/Adachi_20170908101031.jpg,0,0.6354,147,239,253,612
All/JPEGImages/Adachi_20170906151450.jpg,7,0.6339,266,316,683,553
All/JPEGImages/Adachi_20170908144014.jpg,1,0.5150,161,238,221,514
All/JPEGImages/Adachi_20170908100044.jpg,1,0.8749,79,136,223,633
All/JPEGImages/Adachi_20170907140643.jpg,0,0.5696,481,354,578,595
All/JPEGImages/Adachi_20170921111144.jpg,1,0.7121,196,353,279,593
All/JPEGImages/Adachi_20170906104939.jpg,1,0.5593,128,203,287,561
All/JPEGImages/Adachi_20170908093816.jpg,0,0.5779,204,281,405,589
All/JPEGImages/Adachi_20170914150127.jpg,7,0.7264,-15,121,177,397
All/JPEGImages/Adachi_20170908135523.jpg,7,0.8587,329,157,675,315
All/JPEGImages/Adachi_20170908135523.jpg,7,0.8119,-21,204,182,463
All/JPEGImages/Adachi_20170908135523.jpg,1,0.9044,321,119,395,499
All/JPEGImages/Adachi_20170911112307.jpg,0,0.7750,54,334,176,615
All/JPEGImages/Adachi_20170906093957.jpg,1,0.5909,290,302,406,576
All/JPEGImages/Adachi_20170907150517.jpg,1,0.6063,402,238,575,536
All/JPEGImages/Adachi_20170906153144.jpg,7,0.5381,326,369,486,588
All/JPEGImages/Adachi_20170908100131.jpg,1,0.5946,440,253,612,534
All/JPEGImages/Adachi_20170908103942.jpg,0,0.5148,6,241,219,542
All/JPEGImages/Adachi_20170908100238.jpg,7,0.5978,62,195,250,591
All/JPEGImages/Adachi_20170908100238.jpg,1,0.5141,223,179,286,618
All/JPEGImages/Adachi_20170908103047.jpg,7,0.6512,-62,201,283,462
All/JPEGImages/Adachi_20170914154647.jpg,1,0.5568,372,221,610,549
All/JPEGImages/Adachi_20170906152812.jpg,1,0.7031,327,358,474,582
All/JPEGImages/Adachi_20170911105241.jpg,7,0.6531,213,339,315,604
All/JPEGImages/Adachi_20170913110236.jpg,1,0.5598,408,107,482,594
All/JPEGImages/Adachi_20170913113656.jpg,7,0.6638,-33,207,197,491
All/JPEGImages/Adachi_20170913113656.jpg,1,0.6688,298,115,415,389
All/JPEGImages/Adachi_20170920150511.jpg,6,0.8119,-49,323,557,634
All/JPEGImages/Adachi_20170908102722.jpg,7,0.7464,-9,251,239,602
All/JPEGImages/Adachi_20170921150210.jpg,1,0.7832,262,359,351,589
All/JPEGImages/Adachi_20170907134544.jpg,7,0.5464,-38,215,280,495
All/JPEGImages/Adachi_20170907134544.jpg,0,0.8215,148,216,241,633
All/JPEGImages/Adachi_20170911101852.jpg,1,0.5031,310,350,462,601
All/JPEGImages/Adachi_20170908101431.jpg,0,0.7893,219,249,275,611
All/JPEGImages/Adachi_20170906153739.jpg,7,0.5875,241,289,648,582
All/JPEGImages/Adachi_20170908101241.jpg,1,0.8948,387,250,568,606
All/JPEGImages/Adachi_20170921102148.jpg,1,0.7150,168,363,255,587
All/JPEGImages/Adachi_20170908104138.jpg,1,0.5275,383,222,585,570
All/JPEGImages/Adachi_20170908103053.jpg,7,0.6549,-68,172,283,421
All/JPEGImages/Adachi_20170908103053.jpg,1,0.6469,305,258,358,594
All/JPEGImages/Adachi_20170908103334.jpg,1,0.9027,191,121,251,662
All/JPEGImages/Adachi_20170911112256.jpg,7,0.7613,367,296,606,561
All/JPEGImages/Adachi_20170911112256.jpg,0,0.7007,26,224,190,547
All/JPEGImages/Adachi_20170911112256.jpg,1,0.5509,26,224,190,547
All/JPEGImages/Adachi_20170921112028.jpg,7,0.5743,211,291,689,487
All/JPEGImages/Adachi_20170906093856.jpg,0,0.5058,66,247,176,558
All/JPEGImages/Adachi_20170908103056.jpg,1,0.8825,349,246,413,601
All/JPEGImages/Adachi_20170912150840.jpg,0,0.6601,37,325,280,613
All/JPEGImages/Adachi_20170908103107.jpg,1,0.6519,391,223,477,638
All/JPEGImages/Adachi_20170914105448.jpg,6,0.7222,-17,287,524,605
All/JPEGImages/Adachi_20170921105450.jpg,6,0.8181,-73,344,399,625
All/JPEGImages/Adachi_20170908104450.jpg,1,0.7824,222,113,280,483
All/JPEGImages/Adachi_20170914105638.jpg,7,0.6057,55,417,175,611
All/JPEGImages/Adachi_20170914154946.jpg,1,0.7724,302,168,396,604
All/JPEGImages/Adachi_20170908094700.jpg,0,0.5915,378,214,506,555
All/JPEGImages/Adachi_20170912142129.jpg,6,0.6499,-47,390,641,579
All/JPEGImages/Adachi_20170906151551.jpg,7,0.5571,351,317,621,538
All/JPEGImages/Adachi_20170908101555.jpg,0,0.7817,139,268,287,603
All/JPEGImages/Adachi_20170906160901.jpg,7,0.5721,-20,332,188,524
All/JPEGImages/Adachi_20170921143232.jpg,7,0.6096,154,362,364,596
All/JPEGImages/Adachi_20170914110014.jpg,0,0.5704,403,299,569,559
All/JPEGImages/Adachi_20170906151521.jpg,0,0.5198,384,368,581,590
All/JPEGImages/Adachi_20170914151632.jpg,6,0.7047,-3,262,602,630
All/JPEGImages/Adachi_20170914105449.jpg,1,0.5127,-5,318,155,523
All/JPEGImages/Adachi_20170912152443.jpg,1,0.5209,309,263,367,610
All/JPEGImages/Adachi_20170908103138.jpg,6,0.5494,-148,225,653,399
All/JPEGImages/Adachi_20170908103138.jpg,6,0.5347,-219,258,716,331
All/JPEGImages/Adachi_20170912143806.jpg,1,0.6476,364,319,514,559
All/JPEGImages/Adachi_20170912151919.jpg,1,0.5502,317,250,374,622
All/JPEGImages/Adachi_20170908101439.jpg,1,0.9117,372,182,523,595
All/JPEGImages/Adachi_20170908101237.jpg,1,0.9054,382,231,471,622
All/JPEGImages/Adachi_20170906104933.jpg,1,0.6468,106,182,299,491
All/JPEGImages/Adachi_20170906151435.jpg,4,0.5603,263,381,609,574
All/JPEGImages/Adachi_20170906102909.jpg,0,0.6134,32,260,206,592
All/JPEGImages/Adachi_20170908095941.jpg,1,0.9367,458,130,538,643
All/JPEGImages/Adachi_20170912151340.jpg,0,0.5023,93,325,237,565
All/JPEGImages/Adachi_20170906153825.jpg,7,0.9176,240,325,709,574
All/JPEGImages/Adachi_20170906153825.jpg,1,0.7350,285,271,327,620
All/JPEGImages/Adachi_20170906094301.jpg,0,0.5729,414,317,556,573
All/JPEGImages/Adachi_20170921134441.jpg,1,0.5216,7,278,147,509
All/JPEGImages/Adachi_20170908100727.jpg,1,0.5264,398,282,581,572
All/JPEGImages/Adachi_20170911101459.jpg,7,0.8433,263,375,647,564
All/JPEGImages/Chiba_20170915133036.jpg,7,0.6298,459,464,585,580
All/JPEGImages/Chiba_20170915131425.jpg,1,0.6094,197,455,291,593
All/JPEGImages/Chiba_20170925144724.jpg,7,0.7945,-19,399,262,573
All/JPEGImages/Chiba_20170925144724.jpg,7,0.7794,422,460,552,575
All/JPEGImages/Chiba_20170925144624.jpg,7,0.8099,-45,395,262,569
All/JPEGImages/Chiba_20170925144624.jpg,7,0.7206,271,397,531,558
All/JPEGImages/Chiba_20170915131155.jpg,6,0.5184,-63,510,657,575
All/JPEGImages/Chiba_20170915143332.jpg,6,0.5418,11,497,667,554
All/JPEGImages/Chiba_20170915131422.jpg,1,0.5425,202,458,278,590
All/JPEGImages/Chiba_20170915132308.jpg,7,0.6232,483,469,591,574
All/JPEGImages/Chiba_20170925144602.jpg,7,0.5360,287,410,564,573
All/JPEGImages/Chiba_20170925144602.jpg,7,0.5215,2,410,221,578
All/JPEGImages/Chiba_20170925144620.jpg,7,0.6857,-24,397,244,571
All/JPEGImages/Chiba_20170915134929.jpg,6,0.6720,110,498,662,574
All/JPEGImages/Chiba_20170925171801.jpg,6,0.7561,-55,470,636,527
All/JPEGImages/Chiba_20170915132843.jpg,7,0.5127,192,471,321,592
All/JPEGImages/Chiba_20170925144902.jpg,7,0.5609,11,456,134,575
All/JPEGImages/Chiba_20170915143340.jpg,6,0.6154,-7,497,600,553
All/JPEGImages/Ichihara_20170929092610.jpg,7,0.7500,361,384,620,569
All/JPEGImages/Ichihara_20170929090728.jpg,7,0.6553,13,387,295,574
All/JPEGImages/Ichihara_20170929090728.jpg,7,0.5296,423,374,614,555
All/JPEGImages/Ichihara_20170929100140.jpg,7,0.5773,337,357,658,516
All/JPEGImages/Ichihara_20170929101041.jpg,0,0.5875,178,356,332,608
All/JPEGImages/Ichihara_20170929091523.jpg,6,0.6104,-184,454,770,536
All/JPEGImages/Ichihara_20170929094702.jpg,0,0.5020,393,377,589,580
All/JPEGImages/Ichihara_20170929092408.jpg,7,0.5056,9,378,306,592
All/JPEGImages/Ichihara_20170929093923.jpg,7,0.5953,-36,382,274,579
All/JPEGImages/Ichihara_20170929101527.jpg,6,0.5650,83,407,601,483
All/JPEGImages/Ichihara_20170929100134.jpg,0,0.5633,-14,400,257,581
All/JPEGImages/Ichihara_20170929101220.jpg,0,0.5245,427,393,542,590
All/JPEGImages/Ichihara_20170929094713.jpg,0,0.6232,382,366,592,592
All/JPEGImages/Ichihara_20170929094759.jpg,4,0.8628,1,428,496,570
All/JPEGImages/Muroran_20170911151240.jpg,4,0.9040,-87,387,664,578
All/JPEGImages/Muroran_20170911151240.jpg,4,0.7449,206,377,553,585
All/JPEGImages/Muroran_20170908134459.jpg,4,0.8305,-34,460,517,570
All/JPEGImages/Muroran_20170911093918.jpg,4,0.5704,-39,339,364,544
All/JPEGImages/Muroran_20170907145831.jpg,7,0.5757,433,482,523,594
All/JPEGImages/Muroran_20170921102746.jpg,7,0.5512,320,337,652,561
All/JPEGImages/Muroran_20170907114028.jpg,4,0.9340,-111,386,610,590
All/JPEGImages/Muroran_20170907114028.jpg,4,0.6087,76,438,496,587
All/JPEGImages/Muroran_20170921093640.jpg,4,0.6898,317,407,656,581
All/JPEGImages/Muroran_20170921093640.jpg,4,0.5441,135,385,379,580
All/JPEGImages/Muroran_20170907095759.jpg,1,0.8057,160,338,262,603
All/JPEGImages/Muroran_20170906150814.jpg,4,0.8634,162,462,696,578
All/JPEGImages/Muroran_20170914102440.jpg,7,0.6065,426,408,546,615
All/JPEGImages/Muroran_20170914102440.jpg,1,0.6557,175,331,318,570
All/JPEGImages/Muroran_20170915135734.jpg,4,0.7776,232,366,635,585
All/JPEGImages/Muroran_20170911100637.jpg,0,0.5072,40,299,191,590
All/JPEGImages/Muroran_20170906102542.jpg,7,0.9784,-73,326,280,608
All/JPEGImages/Muroran_20170908095349.jpg,7,0.7911,3,351,221,593
All/JPEGImages/Muroran_20170908095349.jpg,4,0.6871,263,377,610,590
All/JPEGImages/Muroran_20170925113807.jpg,4,0.9668,-67,380,836,572
All/JPEGImages/Muroran_20170925113807.jpg,4,0.5395,286,356,742,553
All/JPEGImages/Muroran_20170921131203.jpg,0,0.6510,68,377,268,598
All/JPEGImages/Muroran_20170907133426.jpg,4,0.9529,-304,402,609,586
All/JPEGImages/Muroran_20170908130642.jpg,1,0.5326,16,319,227,559
All/JPEGImages/Muroran_20170908130642.jpg,0,0.5481,232,360,343,590
All/JPEGImages/Muroran_20170911142519.jpg,4,0.7810,150,362,707,602
All/JPEGImages/Muroran_20170911142519.jpg,4,0.6155,154,253,444,648
All/JPEGImages/Muroran_20170911142519.jpg,4,0.5929,-147,357,466,591
All/JPEGImages/Muroran_20170914092447.jpg,0,0.7127,307,336,378,612
All/JPEGImages/Muroran_20170911133243.jpg,0,0.6901,99,268,206,618
All/JPEGImages/Muroran_20170906114436.jpg,7,0.8611,294,353,503,589
All/JPEGImages/Muroran_20170921135942.jpg,4,0.7377,256,402,535,580
All/JPEGImages/Muroran_20170922162522.jpg,0,0.5603,134,365,289,588
All/JPEGImages/Muroran_20170913100502.jpg,0,0.6624,27,358,124,599
All/JPEGImages/Muroran_20170915142900.jpg,4,0.6366,31,322,824,585
All/JPEGImages/Muroran_20170908113810.jpg,4,0.8668,193,428,676,565
All/JPEGImages/Muroran_20170911110752.jpg,7,0.9066,-74,255,281,513
All/JPEGImages/Muroran_20170908142802.jpg,4,0.6868,128,457,638,592
All/JPEGImages/Muroran_20170915144737.jpg,4,0.5992,92,338,598,569
All/JPEGImages/Muroran_20170915144737.jpg,4,0.5964,290,369,665,594
All/JPEGImages/Muroran_20170914093640.jpg,6,0.6505,-33,409,720,578
All/JPEGImages/Muroran_20170921104725.jpg,4,0.9398,-202,411,422,571
All/JPEGImages/Muroran_20170921104725.jpg,4,0.6035,312,399,648,582
All/JPEGImages/Muroran_20170920142307.jpg,1,0.5228,353,327,638,538
All/JPEGImages/Muroran_20170921134651.jpg,4,0.8106,62,401,434,578
All/JPEGImages/Muroran_20170908135645.jpg,4,0.9540,-16,357,224,595
All/JPEGImages/Muroran_20170921104453.jpg,1,0.6924,214,346,297,596
All/JPEGImages/Muroran_20170920105929.jpg,7,0.9752,321,339,666,591
All/JPEGImages/Muroran_20170920105929.jpg,7,0.8979,-68,325,274,607
All/JPEGImages/Muroran_20170908111746.jpg,7,0.5899,262,358,415,601
All/JPEGImages/Muroran_20170914094637.jpg,0,0.7667,140,347,270,600
All/JPEGImages/Muroran_20170915132500.jpg,4,0.9360,-207,388,602,583
All/JPEGImages/Muroran_20170915135327.jpg,4,0.6737,-60,343,371,611
All/JPEGImages/Muroran_20170915135327.jpg,4,0.6337,295,379,663,591
All/JPEGImages/Muroran_20170914094602.jpg,7,0.9459,271,330,699,555
All/JPEGImages/Muroran_20170907140630.jpg,4,0.6938,105,382,399,582
All/JPEGImages/Muroran_20170906101750.jpg,7,0.7972,13,341,140,598
All/JPEGImages/Muroran_20170906101750.jpg,7,0.5312,-20,283,227,584
All/JPEGImages/Muroran_20170911095642.jpg,4,0.8919,94,400,490,579
All/JPEGImages/Muroran_20170908093743.jpg,4,0.5303,128,318,560,558
All/JPEGImages/Muroran_20170906101945.jpg,7,0.9221,496,475,588,568
All/JPEGImages/Muroran_20170906101945.jpg,7,0.6715,25,405,236,586
All/JPEGImages/Muroran_20170908142458.jpg,4,0.9181,250,431,713,569
All/JPEGImages/Muroran_20170907140136.jpg,4,0.9082,138,385,724,591
All/JPEGImages/Muroran_20170921101041.jpg,4,0.9565,159,377,783,591
All/JPEGImages/Muroran_20170921101041.jpg,4,0.8978,-197,382,611,572
All/JPEGImages/Muroran_20170921101041.jpg,4,0.7517,220,312,472,592
All/JPEGImages/Muroran_20170921101041.jpg,4,0.6064,250,391,442,542
All/JPEGImages/Muroran_20170915142503.jpg,0,0.6156,322,342,467,599
All/JPEGImages/Muroran_20170920133305.jpg,4,0.8881,38,291,452,604
All/JPEGImages/Muroran_20170908143813.jpg,4,0.7196,-39,399,280,576
All/JPEGImages/Muroran_20170911141646.jpg,1,0.5509,186,264,246,609
All/JPEGImages/Muroran_20170920135901.jpg,7,0.5147,357,357,614,535
All/JPEGImages/Muroran_20170911114429.jpg,0,0.5305,245,332,446,626
All/JPEGImages/Muroran_20170906115552.jpg,7,0.7193,388,438,471,593
All/JPEGImages/Muroran_20170913105040.jpg,7,0.5644,40,385,304,590
All/JPEGImages/Muroran_20170911135905.jpg,0,0.5928,195,268,416,619
All/JPEGImages/Muroran_20170925134916.jpg,4,0.8823,19,398,479,584
All/JPEGImages/Muroran_20170911095551.jpg,7,0.8538,-63,389,321,595
All/JPEGImages/Muroran_20170911095551.jpg,0,0.6169,301,330,376,613
All/JPEGImages/Muroran_20170908142821.jpg,4,0.9486,18,383,647,584
All/JPEGImages/Muroran_20170908100917.jpg,7,0.5256,330,354,530,526
All/JPEGImages/Muroran_20170911114639.jpg,0,0.5304,385,353,570,601
All/JPEGImages/Muroran_20170907114244.jpg,4,0.9370,67,438,613,567
All/JPEGImages/Muroran_20170907114244.jpg,4,0.8821,-57,378,297,584
All/JPEGImages/Muroran_20170907114244.jpg,4,0.8040,-199,393,597,594
All/JPEGImages/Muroran_20170911093846.jpg,4,0.9234,266,392,690,573
All/JPEGImages/Muroran_20170906150423.jpg,4,0.5818,-40,417,277,568
All/JPEGImages/Muroran_20170914093633.jpg,6,0.6497,-51,409,738,580
All/JPEGImages/Muroran_20170906105305.jpg,1,0.5284,275,330,356,609
All/JPEGImages/Muroran_20170911095538.jpg,7,0.6184,-20,291,241,558
All/JPEGImages/Muroran_20170911145859.jpg,0,0.5017,114,359,201,614
All/JPEGImages/Muroran_20170911142515.jpg,4,0.6867,102,337,671,567
All/JPEGImages/Muroran_20170906101004.jpg,4,0.7249,17,374,288,585
All/JPEGImages/Muroran_20170906115419.jpg,7,0.7688,271,365,614,591
All/JPEGImages/Muroran_20170921111138.jpg,1,0.6103,323,288,388,602
All/JPEGImages/Muroran_20170921113230.jpg,4,0.6095,157,383,538,580
All/JPEGImages/Muroran_20170906102420.jpg,7,0.8037,-18,314,254,579
All/JPEGImages/Muroran_20170921094523.jpg,0,0.6544,380,368,496,600
All/JPEGImages/Muroran_20170920103923.jpg,4,0.5783,-38,374,362,575
All/JPEGImages/Muroran_20170911091204.jpg,1,0.7587,281,305,527,565
All/JPEGImages/Muroran_20170915133442.jpg,7,0.8452,387,441,499,589
All/JPEGImages/Muroran_20170908130612.jpg,4,0.5227,223,389,381,594
All/JPEGImages/Muroran_20170911094424.jpg,1,0.7010,99,286,254,588
All/JPEGImages/Muroran_20170911092503.jpg,7,0.6277,290,331,510,555
All/JPEGImages/Muroran_20170907111515.jpg,4,0.9963,-464,396,754,576
All/JPEGImages/Muroran_20170907111515.jpg,4,0.7203,140,356,367,580
All/JPEGImages/Muroran_20170907111515.jpg,4,0.5020,201,367,567,597
All/JPEGImages/Muroran_20170906101910.jpg,7,0.9420,29,377,302,588
All/JPEGImages/Muroran_20170907133635.jpg,4,0.5230,218,397,563,587
All/JPEGImages/Muroran_20170920095517.jpg,7,0.7162,482,408,597,525
All/JPEGImages/Muroran_20170906113847.jpg,4,0.8376,-42,359,347,589
All/JPEGImages/Muroran_20170915143053.jpg,4,0.9840,-154,384,1003,593
All/JPEGImages/Muroran_20170915143053.jpg,4,0.6157,154,384,370,568
All/JPEGImages/Muroran_20170915143053.jpg,4,0.5580,149,359,799,562
All/JPEGImages/Muroran_20170907111510.jpg,4,0.9559,-342,387,819,593
All/JPEGImages/Muroran_20170907111510.jpg,4,0.5369,-14,438,492,581
All/JPEGImages/Muroran_20170911092938.jpg,4,0.9106,-61,358,370,583
All/JPEGImages/Muroran_20170911092938.jpg,4,0.6995,328,384,636,583
All/JPEGImages/Muroran_20170911092938.jpg,4,0.6093,71,253,523,652
All/JPEGImages/Muroran_20170906135121.jpg,4,0.8443,258,399,690,576
All/JPEGImages/Muroran_20170911142834.jpg,4,0.9519,107,388,394,579
All/JPEGImages/Muroran_20170907092304.jpg,7,0.9318,-62,301,274,546
All/JPEGImages/Muroran_20170906101724.jpg,7,0.9037,40,354,271,592
All/JPEGImages/Muroran_20170906101724.jpg,0,0.6216,262,347,339,608
All/JPEGImages/Muroran_20170915141711.jpg,7,0.7564,-41,374,266,605
All/JPEGImages/Muroran_20170907112642.jpg,0,0.5292,67,378,256,593
All/JPEGImages/Muroran_20170921092921.jpg,4,0.8566,249,464,604,572
All/JPEGImages/Muroran_20170921092921.jpg,4,0.8355,38,438,731,567
All/JPEGImages/Muroran_20170911093818.jpg,4,0.9089,4,375,413,583
All/JPEGImages/Muroran_20170911093818.jpg,0,0.6306,448,353,604,603
All/JPEGImages/Muroran_20170906094721.jpg,4,0.9302,-198,435,867,570
All/JPEGImages/Muroran_20170906094721.jpg,4,0.7637,106,452,648,573
All/JPEGImages/Muroran_20170921140046.jpg,4,0.9213,92,364,671,592
All/JPEGImages/Muroran_20170911150946.jpg,1,0.6454,-53,289,277,519
All/JPEGImages/Muroran_20170907112300.jpg,4,0.6356,-47,420,454,581
All/JPEGImages/Muroran_20170906113831.jpg,4,0.8700,243,393,615,578
All/JPEGImages/Muroran_20170914104048.jpg,4,0.6413,-52,406,556,586
All/JPEGImages/Muroran_20170913135639.jpg,4,0.6828,68,397,516,583
All/JPEGImages/Muroran_20170907145716.jpg,7,0.7950,-42,349,216,546
All/JPEGImages/Muroran_20170911110435.jpg,1,0.6507,95,264,208,599
All/JPEGImages/Muroran_20170906112642.jpg,7,0.6295,150,443,192,598
All/JPEGImages/Muroran_20170914102646.jpg,4,0.8256,279,399,685,578
All/JPEGImages/Muroran_20170906102532.jpg,7,0.9048,-82,361,308,582
All/JPEGImages/Muroran_20170906102532.jpg,7,0.7070,377,377,569,597
All/JPEGImages/Muroran_20170906101744.jpg,7,0.6048,292,423,361,601
All/JPEGImages/Muroran_20170906101744.jpg,1,0.8515,-6,369,208,562
All/JPEGImages/Muroran_20170908141558.jpg,4,0.5594,110,336,479,613
All/JPEGImages/Muroran_20170915141618.jpg,4,0.6932,327,391,635,575
All/JPEGImages/Muroran_20170906145143.jpg,4,0.9863,-37,384,434,583
All/JPEGImages/Muroran_20170920120943.jpg,0,0.7649,410,288,572,587
All/JPEGImages/Muroran_20170911092122.jpg,0,0.5085,312,332,470,604
All/JPEGImages/Muroran_20170911094014.jpg,4,0.8562,-210,356,597,594
All/JPEGImages/Muroran_20170911094014.jpg,4,0.6173,182,268,415,628
All/JPEGImages/Muroran_20170911094014.jpg,4,0.5563,292,323,562,618
All/JPEGImages/Muroran_20170908130639.jpg,4,0.9718,-122,442,704,563
All/JPEGImages/Muroran_20170908130639.jpg,4,0.8601,131,454,530,571
All/JPEGImages/Muroran_20170906105547.jpg,7,0.5938,414,413,488,545
All/JPEGImages/Muroran_20170921104703.jpg,0,0.5008,129,380,292,593
All/JPEGImages/Muroran_20170906095405.jpg,7,0.7584,431,452,538,600
All/JPEGImages/Muroran_20170906095405.jpg,4,0.6068,86,386,419,590
All/JPEGImages/Muroran_20170921113008.jpg,7,0.6748,43,367,281,587
All/JPEGImages/Muroran_20170921113008.jpg,0,0.7597,327,360,450,616
All/JPEGImages/Muroran_20170921113008.jpg,0,0.7433,205,368,490,602
All/JPEGImages/Muroran_20170911092335.jpg,4,0.6038,313,374,650,581
All/JPEGImages/Muroran_20170906092437.jpg,7,0.6545,-39,357,251,595
All/JPEGImages/Muroran_20170906092437.jpg,0,0.5125,371,373,503,594
All/JPEGImages/Muroran_20170913111957.jpg,4,0.8879,198,392,569,595
All/JPEGImages/Muroran_20170920131759.jpg,7,0.8357,114,325,292,611
All/JPEGImages/Muroran_20170920113221.jpg,1,0.9222,27,325,298,564
All/JPEGImages/Muroran_20170906114516.jpg,7,0.8276,310,327,492,531
All/JPEGImages/Muroran_20170911144109.jpg,4,0.7136,153,381,620,522
All/JPEGImages/Muroran_20170906134020.jpg,4,0.8581,110,406,749,583
All/JPEGImages/Muroran_20170906112116.jpg,4,0.8943,-136,387,725,597
All/JPEGImages/Muroran_20170906112116.jpg,4,0.7357,282,377,661,586
All/JPEGImages/Muroran_20170907133607.jpg,4,0.8109,143,373,453,592
All/JPEGImages/Muroran_20170908093736.jpg,4,0.6963,-161,382,559,597
All/JPEGImages/Muroran_20170921101119.jpg,4,0.8969,74,391,350,581
All/JPEGImages/Muroran_20170921101119.jpg,4,0.8496,55,384,709,602
All/JPEGImages/Muroran_20170921101119.jpg,4,0.8130,208,391,488,572
All/JPEGImages/Muroran_20170921101119.jpg,4,0.7149,-419,426,816,578
All/JPEGImages/Muroran_20170921101119.jpg,4,0.6709,-129,450,441,582
All/JPEGImages/Muroran_20170921103441.jpg,1,0.9318,374,336,490,566
All/JPEGImages/Muroran_20170913111655.jpg,7,0.7452,23,368,291,595
All/JPEGImages/Muroran_20170920114020.jpg,4,0.9085,-332,406,648,571
All/JPEGImages/Muroran_20170920114020.jpg,4,0.5170,186,416,675,570
All/JPEGImages/Muroran_20170920114020.jpg,4,0.5071,-75,452,464,573
All/JPEGImages/Muroran_20170921091444.jpg,4,0.7342,50,423,538,576
All/JPEGImages/Muroran_20170906110221.jpg,7,0.6897,-37,375,256,587
All/JPEGImages/Muroran_20170913130854.jpg,4,0.8361,-159,397,661,586
All/JPEGImages/Muroran_20170911142503.jpg,4,0.6055,62,306,704,602
All/JPEGImages/Muroran_20170913103650.jpg,1,0.5172,353,358,534,584
All/JPEGImages/Muroran_20170925113800.jpg,4,0.9212,148,414,715,558
All/JPEGImages/Muroran_20170911094204.jpg,1,0.6203,341,293,555,578
All/JPEGImages/Muroran_20170911100613.jpg,4,0.8991,-44,386,359,601
All/JPEGImages/Muroran_20170921131140.jpg,1,0.5896,67,378,261,584
All/JPEGImages/Muroran_20170911111010.jpg,4,0.9458,-148,371,375,533
All/JPEGImages/Muroran_20170920135221.jpg,4,0.7134,238,346,620,550
All/JPEGImages/Muroran_20170906141243.jpg,4,0.5855,195,421,674,576
All/JPEGImages/Muroran_20170913134827.jpg,4,0.7307,-67,392,283,566
All/JPEGImages/Muroran_20170911142931.jpg,4,0.9081,140,275,364,623
All/JPEGImages/Muroran_20170911142931.jpg,4,0.8612,-141,346,443,597
All/JPEGImages/Muroran_20170911142931.jpg,4,0.6818,193,364,401,571
All/JPEGImages/Muroran_20170907102443.jpg,4,0.8725,-5,381,766,594
All/JPEGImages/Muroran_20170921103854.jpg,4,0.9733,198,367,744,587
All/JPEGImages/Muroran_20170915144225.jpg,4,0.6517,-23,464,241,585
All/JPEGImages/Muroran_20170915144225.jpg,4,0.5469,321,387,653,586
All/JPEGImages/Muroran_20170922162921.jpg,4,0.5173,181,455,591,585
All/JPEGImages/Muroran_20170911113039.jpg,4,0.5048,269,392,600,570
All/JPEGImages/Muroran_20170906105554.jpg,7,0.7887,-84,377,304,583
All/JPEGImages/Muroran_20170913131336.jpg,1,0.5521,418,349,554,598
All/JPEGImages/Muroran_20170908140212.jpg,1,0.7413,267,362,336,588
All/JPEGImages/Muroran_20170920111711.jpg,4,0.8481,372,426,680,568
All/JPEGImages/Muroran_20170913111527.jpg,7,0.7392,-61,361,289,602
All/JPEGImages/Muroran_20170913111527.jpg,7,0.5037,-27,437,196,588
All/JPEGImages/Muroran_20170906112414.jpg,7,0.5551,301,384,505,571
All/JPEGImages/Muroran_20170906095224.jpg,4,0.9277,173,421,595,573
All/JPEGImages/Muroran_20170906115229.jpg,7,0.6135,204,410,309,535
All/JPEGImages/Muroran_20170921091830.jpg,4,0.7693,140,406,629,583
All/JPEGImages/Muroran_20170906113919.jpg,0,0.6415,132,375,288,595
All/JPEGImages/Muroran_20170908143700.jpg,4,0.8044,105,384,485,597
All/JPEGImages/Muroran_20170915135638.jpg,4,0.7939,299,372,659,583
All/JPEGImages/Muroran_20170911092621.jpg,4,0.9792,59,433,790,561
All/JPEGImages/Muroran_20170911092621.jpg,4,0.7401,239,444,609,576
All/JPEGImages/Muroran_20170911144750.jpg,4,0.6329,138,386,629,585
All/JPEGImages/Muroran_20170907114207.jpg,4,0.8269,-103,377,599,591
All/JPEGImages/Muroran_20170906102538.jpg,7,0.7852,22,350,138,602
All/JPEGImages/Muroran_20170906110453.jpg,7,0.6037,380,465,485,588
All/JPEGImages/Muroran_20170915151551.jpg,4,0.9369,105,348,566,610
All/JPEGImages/Muroran_20170907114410.jpg,4,0.5251,167,405,432,582
All/JPEGImages/Muroran_20170906113142.jpg,7,0.6688,345,436,460,593
All/JPEGImages/Muroran_20170908143029.jpg,4,0.6055,-52,367,281,508
All/JPEGImages/Muroran_20170907114506.jpg,4,0.6027,175,391,423,585
All/JPEGImages/Muroran_20170915142446.jpg,0,0.6636,240,298,362,588
All/JPEGImages/Muroran_20170907111511.jpg,0,0.5889,309,359,459,590
All/JPEGImages/Muroran_20170907113611.jpg,4,0.9497,-146,218,361,375
All/JPEGImages/Muroran_20170906113830.jpg,4,0.9595,203,407,663,564
All/JPEGImages/Nagakute_20170907155039.jpg,4,0.6947,225,401,644,576
All/JPEGImages/Nagakute_20170907151544.jpg,7,0.6410,196,376,434,578
All/JPEGImages/Nagakute_20170912135851.jpg,1,0.5779,349,366,455,591
All/JPEGImages/Nagakute_20170908101153.jpg,7,0.6566,-28,365,245,590
All/JPEGImages/Nagakute_20170908111743.jpg,7,0.6239,218,355,645,598
All/JPEGImages/Nagakute_20170907151808.jpg,6,0.7081,-167,470,586,599
All/JPEGImages/Nagakute_20170907151808.jpg,6,0.5285,-324,492,820,549
All/JPEGImages/Nagakute_20170907161940.jpg,7,0.8123,296,477,377,573
All/JPEGImages/Nagakute_20170907161940.jpg,7,0.5193,-29,332,186,516
All/JPEGImages/Nagakute_20170912131414.jpg,1,0.6865,273,223,340,625
All/JPEGImages/Nagakute_20170912144805.jpg,7,0.5727,256,325,622,559
All/JPEGImages/Nagakute_20170907152912.jpg,7,0.5180,40,385,212,586
All/JPEGImages/Nagakute_20170907143225.jpg,0,0.8392,70,331,173,623
All/JPEGImages/Nagakute_20170912135412.jpg,4,0.7111,310,360,565,601
All/JPEGImages/Nagakute_20170912135412.jpg,1,0.6051,197,295,307,589
All/JPEGImages/Nagakute_20170912135402.jpg,1,0.9197,109,316,291,572
All/JPEGImages/Nagakute_20170912132325.jpg,1,0.5137,-7,245,254,537
All/JPEGImages/Nagakute_20170908103549.jpg,0,0.6243,61,355,267,601
All/JPEGImages/Nagakute_20170912144832.jpg,7,0.5278,343,356,615,588
All/JPEGImages/Nagakute_20170907151215.jpg,7,0.5309,259,432,359,593
All/JPEGImages/Nagakute_20170912135252.jpg,4,0.8744,400,367,649,591
All/JPEGImages/Nagakute_20170912135252.jpg,4,0.8682,89,349,513,614
All/JPEGImages/Nagakute_20170911105903.jpg,0,0.5423,72,347,239,606
All/JPEGImages/Nagakute_20170908103420.jpg,0,0.6702,405,392,572,585
All/JPEGImages/Nagakute_20170907144708.jpg,1,0.5345,76,419,135,612
All/JPEGImages/Nagakute_20170907155442.jpg,7,0.7823,36,308,266,593
All/JPEGImages/Nagakute_20170908101250.jpg,0,0.6069,355,361,536,592
All/JPEGImages/Nagakute_20170907155140.jpg,4,0.8838,221,422,646,568
All/JPEGImages/Nagakute_20170907155140.jpg,4,0.7873,49,362,357,592
All/JPEGImages/Nagakute_20170912093129.jpg,7,0.5246,287,323,672,553
All/JPEGImages/Nagakute_20170912093129.jpg,4,0.5626,18,384,303,583
All/JPEGImages/Nagakute_20170912152650.jpg,4,0.5989,262,405,506,563
All/JPEGImages/Nagakute_20170908111728.jpg,7,0.6664,245,353,610,597
All/JPEGImages/Nagakute_20170912131204.jpg,4,0.8799,258,336,697,566
All/JPEGImages/Nagakute_20170907151335.jpg,1,0.5983,222,366,489,582
All/JPEGImages/Nagakute_20170908101332.jpg,1,0.7198,254,332,319,600
All/JPEGImages/Nagakute_20170912150239.jpg,7,0.6892,47,344,277,601
All/JPEGImages/Nagakute_20170912150239.jpg,7,0.5748,325,324,658,518
All/JPEGImages/Nagakute_20170912131236.jpg,4,0.9699,243,303,441,576
All/JPEGImages/Nagakute_20170912131236.jpg,4,0.9311,8,343,483,601
All/JPEGImages/Nagakute_20170912131236.jpg,4,0.7920,283,331,671,567
All/JPEGImages/Nagakute_20170912131236.jpg,4,0.7887,-140,282,720,616
All/JPEGImages/Nagakute_20170912132334.jpg,1,0.7518,-28,240,221,516
All/JPEGImages/Nagakute_20170912150140.jpg,7,0.7269,295,322,663,546
All/JPEGImages/Nagakute_20170908111711.jpg,7,0.6890,238,362,574,578
All/JPEGImages/Nagakute_20170908101516.jpg,0,0.9173,110,338,222,612
All/JPEGImages/Nagakute_20170907155205.jpg,1,0.5172,224,357,395,595
All/JPEGImages/Nagakute_20170911095722.jpg,0,0.6980,116,358,299,600
All/JPEGImages/Nagakute_20170908101520.jpg,0,0.5064,101,341,204,613
All/JPEGImages/Nagakute_20170907141957.jpg,7,0.8405,231,364,647,586
All/JPEGImages/Nagakute_20170908103526.jpg,1,0.8684,252,302,349,581
All/JPEGImages/Nagakute_20170908103635.jpg,1,0.6460,160,345,236,595
All/JPEGImages/Nagakute_20170908090320.jpg,0,0.6128,335,349,552,597
All/JPEGImages/Nagakute_20170912131734.jpg,1,0.6888,35,245,188,562
All/JPEGImages/Nagakute_20170911101653.jpg,7,0.5803,282,369,574,592
All/JPEGImages/Nagakute_20170908103508.jpg,0,0.8030,293,342,409,610
All/JPEGImages/Nagakute_20170908101339.jpg,1,0.9365,275,272,334,607
All/JPEGImages/Nagakute_20170908101339.jpg,0,0.6140,347,373,542,599
All/JPEGImages/Nagakute_20170911092048.jpg,7,0.5068,286,382,601,588
All/JPEGImages/Nagakute_20170908101304.jpg,7,0.7431,-7,328,171,536
All/JPEGImages/Nagakute_20170912135003.jpg,1,0.6433,186,275,241,615
All/JPEGImages/Nagakute_20170907151827.jpg,7,0.9405,202,397,668,588
All/JPEGImages/Nagakute_20170908102525.jpg,7,0.7472,-22,304,230,557
All/JPEGImages/Nagakute_20170907154957.jpg,4,0.6501,65,400,433,585
All/JPEGImages/Nagakute_20170908090330.jpg,7,0.7929,-42,283,243,576
All/JPEGImages/Nagakute_20170912131722.jpg,1,0.8988,191,231,256,636
All/JPEGImages/Nagakute_20170912153210.jpg,7,0.8144,11,331,285,609
All/JPEGImages/Nagakute_20170911090349.jpg,7,0.7216,99,299,303,593
All/JPEGImages/Nagakute_20170912135503.jpg,7,0.5177,74,339,324,600
All/JPEGImages/Nagakute_20170912135503.jpg,1,0.6805,353,321,598,572
All/JPEGImages/Nagakute_20170912093639.jpg,4,0.6040,102,357,492,601
All/JPEGImages/Nagakute_20170912093639.jpg,4,0.5086,282,344,590,559
All/JPEGImages/Nagakute_20170911090733.jpg,7,0.5002,361,414,615,586
All/JPEGImages/Nagakute_20170912150008.jpg,4,0.7230,34,395,377,588
All/JPEGImages/Nagakute_20170911101707.jpg,7,0.5326,260,364,526,588
All/JPEGImages/Nagakute_20170907155445.jpg,7,0.7441,104,303,221,580
All/JPEGImages/Nagakute_20170912144630.jpg,7,0.6349,-35,286,336,577
All/JPEGImages/Nagakute_20170912135404.jpg,1,0.6205,42,348,262,593
All/JPEGImages/Nagakute_20170907155029.jpg,4,0.8798,50,419,630,575
All/JPEGImages/Nagakute_20170912131532.jpg,0,0.5337,31,285,212,580
All/JPEGImages/Nagakute_20170908101204.jpg,1,0.9240,302,304,372,574
All/JPEGImages/Nagakute_20170912092758.jpg,7,0.8109,267,354,618,592
All/JPEGImages/Nagakute_20170907153757.jpg,7,0.7990,-10,376,177,582
All/JPEGImages/Nagakute_20170912131304.jpg,7,0.6068,176,357,342,603
All/JPEGImages/Nagakute_20170908111746.jpg,7,0.5258,260,386,600,589
All/JPEGImages/Nagakute_20170912131717.jpg,1,0.9383,115,200,230,600
All/JPEGImages/Nagakute_20170913150120.jpg,1,0.7187,-20,383,225,583
All/JPEGImages/Nagakute_20170908102623.jpg,7,0.7500,244,351,538,595
All/JPEGImages/Nagakute_20170912132623.jpg,1,0.6178,368,301,503,570
All/JPEGImages/Nagakute_20170911105229.jpg,7,0.6545,191,361,529,585
All/JPEGImages/Nagakute_20170907141948.jpg,7,0.5798,276,378,597,597
All/JPEGImages/Nagakute_20170912135534.jpg,4,0.6823,286,421,680,572
All/JPEGImages/Nagakute_20170908090316.jpg,0,0.8807,216,331,303,625
All/JPEGImages/Nagakute_20170912163144.jpg,7,0.7632,-22,348,240,598
All/JPEGImages/Nagakute_20170908101205.jpg,1,0.8141,268,274,354,596
All/JPEGImages/Nagakute_20170912160723.jpg,7,0.7198,34,347,274,596
All/JPEGImages/Nagakute_20170911090805.jpg,1,0.5514,231,311,290,629
All/JPEGImages/Nagakute_20170912131537.jpg,4,0.6590,-43,403,265,580
All/JPEGImages/Nagakute_20170907141831.jpg,7,0.5745,260,366,618,582
All/JPEGImages/Nagakute_20170907145124.jpg,4,0.9665,-47,398,362,578
All/JPEGImages/Nagakute_20170907145124.jpg,4,0.5703,271,421,599,563
All/JPEGImages/Nagakute_20170908103537.jpg,4,0.8054,-50,375,368,592
All/JPEGImages/Nagakute_20170908103537.jpg,0,0.5332,-46,369,290,591
All/JPEGImages/Nagakute_20170908101336.jpg,4,0.6184,287,420,592,576
All/JPEGImages/Nagakute_20170908090501.jpg,7,0.5860,-24,320,179,520
All/JPEGImages/Nagakute_20170912162936.jpg,4,0.8034,337,389,624,591
All/JPEGImages/Nagakute_20170907144711.jpg,1,0.8237,266,344,319,599
All/JPEGImages/Nagakute_20170908090228.jpg,4,0.5089,47,399,365,589
All/JPEGImages/Nagakute_20170908090228.jpg,1,0.8531,277,297,417,583
All/JPEGImages/Nagakute_20170913145836.jpg,7,0.8210,219,372,663,586
All/JPEGImages/Nagakute_20170908111730.jpg,7,0.8320,247,361,608,589
All/JPEGImages/Nagakute_20170911094826.jpg,0,0.5900,51,301,197,575
All/JPEGImages/Nagakute_20170908102634.jpg,0,0.5681,269,364,345,599
All/JPEGImages/Nagakute_20170911092431.jpg,0,0.7797,97,293,236,576
All/JPEGImages/Nagakute_20170913145807.jpg,7,0.9207,179,363,694,583
All/JPEGImages/Nagakute_20170911101334.jpg,4,0.8288,41,370,456,603
All/JPEGImages/Nagakute_20170911092029.jpg,7,0.6530,477,489,569,600
All/JPEGImages/Nagakute_20170912150153.jpg,7,0.8511,282,316,677,538
All/JPEGImages/Nagakute_20170912150153.jpg,7,0.5583,-46,342,287,555
All/JPEGImages/Nagakute_20170908101522.jpg,0,0.8790,95,369,241,610
All/JPEGImages/Nagakute_20170907143231.jpg,4,0.9524,77,358,500,592
All/JPEGImages/Nagakute_20170912132828.jpg,7,0.6310,23,347,195,602
All/JPEGImages/Nagakute_20170907152836.jpg,4,0.6369,287,402,580,566
All/JPEGImages/Nagakute_20170907142046.jpg,7,0.7762,230,350,657,592
All/JPEGImages/Nagakute_20170907142046.jpg,1,0.5473,49,306,172,583
All/JPEGImages/Nagakute_20170908090438.jpg,1,0.5008,254,292,324,591
All/JPEGImages/Nagakute_20170912093621.jpg,7,0.7190,-46,295,282,594
All/JPEGImages/Nagakute_20170912135234.jpg,4,0.6818,370,354,674,553
All/JPEGImages/Nagakute_20170913145825.jpg,7,0.6810,193,357,710,584
All/JPEGImages/Nagakute_20170913145833.jpg,7,0.9026,186,376,716,577
All/JPEGImages/Nagakute_20170912131628.jpg,1,0.5343,291,278,418,590
All/JPEGImages/Nagakute_20170912150338.jpg,1,0.5958,-11,374,233,570
All/JPEGImages/Nagakute_20170912134956.jpg,1,0.9030,275,293,331,598
All/JPEGImages/Nagakute_20170912161357.jpg,6,0.6488,1,381,603,597
All/JPEGImages/Nagakute_20170912135509.jpg,7,0.6989,169,336,319,603
All/JPEGImages/Nagakute_20170912135509.jpg,1,0.7917,365,310,508,554
All/JPEGImages/Nagakute_20170907145727.jpg,7,0.8166,-33,340,198,533
All/JPEGImages/Nagakute_20170912092615.jpg,7,0.5096,-23,336,193,515
All/JPEGImages/Nagakute_20170907145121.jpg,4,0.7709,282,480,591,583
All/JPEGImages/Nagakute_20170912144819.jpg,1,0.5589,272,321,631,544
All/JPEGImages/Nagakute_20170908090229.jpg,1,0.6402,259,305,432,586
All/JPEGImages/Nagakute_20170912132840.jpg,1,0.8457,289,183,347,668
All/JPEGImages/Nagakute_20170912132811.jpg,1,0.8572,287,158,338,639
All/JPEGImages/Nagakute_20170911090813.jpg,7,0.5210,16,374,221,585
All/JPEGImages/Nagakute_20170913145538.jpg,7,0.8699,-15,368,172,578
All/JPEGImages/Numazu_20170906153931.jpg,7,0.5466,-17,315,178,552
All/JPEGImages/Numazu_20170906105639.jpg,7,0.6747,273,305,683,505
All/JPEGImages/Numazu_20170907145922.jpg,4,0.7925,68,414,621,579
All/JPEGImages/Numazu_20170906095045.jpg,6,0.6947,-96,377,598,602
All/JPEGImages/Numazu_20170907132231.jpg,7,0.7376,-36,398,205,577
All/JPEGImages/Numazu_20170906141942.jpg,4,0.6212,163,360,427,587
All/JPEGImages/Numazu_20170906152209.jpg,4,0.5050,-56,405,293,582
All/JPEGImages/Numazu_20170906143519.jpg,1,0.7720,184,272,237,590
All/JPEGImages/Numazu_20170906140752.jpg,1,0.9222,253,280,323,591
All/JPEGImages/Numazu_20170906141731.jpg,6,0.5602,30,360,571,539
All/JPEGImages/Numazu_20170906153054.jpg,0,0.5135,119,359,218,598
All/JPEGImages/Numazu_20170907141513.jpg,4,0.9085,-98,427,504,578
All/JPEGImages/Numazu_20170906152038.jpg,1,0.8740,209,272,295,579
All/JPEGImages/Numazu_20170906135739.jpg,7,0.5899,322,326,658,533
All/JPEGImages/Numazu_20170906133843.jpg,7,0.7737,351,360,614,583
All/JPEGImages/Numazu_20170906103223.jpg,4,0.5095,15,347,218,599
All/JPEGImages/Numazu_20170906103223.jpg,0,0.7022,111,254,199,621
All/JPEGImages/Numazu_20170906143048.jpg,7,0.6442,282,322,617,571
All/JPEGImages/Numazu_20170906105607.jpg,7,0.8961,-23,284,275,605
All/JPEGImages/Numazu_20170906105607.jpg,7,0.8779,267,293,690,473
All/JPEGImages/Numazu_20170906094829.jpg,6,0.7557,17,393,670,595
All/JPEGImages/Numazu_20170906090256.jpg,7,0.7823,-47,328,221,547
All/JPEGImages/Numazu_20170906090256.jpg,1,0.5310,288,313,599,554
All/JPEGImages/Numazu_20170906084432.jpg,1,0.5368,194,233,253,611
All/JPEGImages/Numazu_20170906143605.jpg,1,0.7451,232,241,291,626
All/JPEGImages/Numazu_20170906143605.jpg,0,0.7963,46,327,173,610
All/JPEGImages/Numazu_20170906141532.jpg,0,0.5217,78,268,161,612
All/JPEGImages/Numazu_20170906084703.jpg,7,0.6469,165,269,747,492
All/JPEGImages/Numazu_20170907141954.jpg,0,0.5324,278,378,501,594
All/JPEGImages/Numazu_20170906130643.jpg,7,0.8640,269,303,687,538
All/JPEGImages/Numazu_20170906130643.jpg,7,0.6739,-61,219,259,463
All/JPEGImages/Numazu_20170906084550.jpg,7,0.6460,311,294,659,547
All/JPEGImages/Numazu_20170906141323.jpg,6,0.5743,-158,355,753,415
All/JPEGImages/Numazu_20170907132845.jpg,4,0.5361,182,416,512,578
All/JPEGImages/Numazu_20170906131410.jpg,0,0.5328,197,311,311,551
All/JPEGImages/Numazu_20170906093035.jpg,4,0.8344,27,382,364,566
All/JPEGImages/Numazu_20170907143720.jpg,0,0.6911,267,376,429,597
All/JPEGImages/Numazu_20170906133444.jpg,7,0.7664,256,339,634,598
All/JPEGImages/Numazu_20170906133444.jpg,7,0.5226,-39,291,207,497
All/JPEGImages/Numazu_20170906100310.jpg,4,0.7387,204,368,659,535
All/JPEGImages/Numazu_20170906151329.jpg,1,0.7017,253,281,343,568
All/JPEGImages/Numazu_20170906135440.jpg,7,0.6039,317,325,639,545
All/JPEGImages/Numazu_20170907144032.jpg,4,0.5250,158,414,440,580
All/JPEGImages/Numazu_20170907141927.jpg,1,0.7788,250,370,463,577
All/JPEGImages/Numazu_20170907144150.jpg,7,0.8864,194,373,519,577
All/JPEGImages/Numazu_20170907144150.jpg,1,0.6264,213,315,234,632
All/JPEGImages/Numazu_20170907140611.jpg,1,0.5701,142,373,242,577
All/JPEGImages/Numazu_20170906100414.jpg,7,0.8290,1,361,169,583
All/JPEGImages/Numazu_20170906100414.jpg,7,0.7944,-20,249,226,619
All/JPEGImages/Numazu_20170905143657.jpg,7,0.5067,328,402,403,580
All/JPEGImages/Numazu_20170906094601.jpg,7,0.5812,267,288,626,512
All/JPEGImages/Numazu_20170906091829.jpg,4,0.8655,78,368,700,585
All/JPEGImages/Numazu_20170907140153.jpg,4,0.7087,64,410,438,583
All/JPEGImages/Numazu_20170906105606.jpg,7,0.8948,286,291,675,466
All/JPEGImages/Numazu_20170906105606.jpg,7,0.8880,-64,258,270,594
All/JPEGImages/Numazu_20170906105606.jpg,7,0.8298,-22,351,192,581
All/JPEGImages/Numazu_20170906154754.jpg,7,0.9494,287,339,677,533
All/JPEGImages/Numazu_20170906154754.jpg,4,0.6867,20,347,294,602
All/JPEGImages/Numazu_20170906155346.jpg,0,0.7164,53,293,192,584
All/JPEGImages/Numazu_20170906130640.jpg,7,0.7261,147,299,760,554
All/JPEGImages/Numazu_20170906135307.jpg,1,0.7128,285,351,393,588
All/JPEGImages/Numazu_20170906131847.jpg,7,0.7021,-15,291,176,490
All/JPEGImages/Numazu_20170906131847.jpg,7,0.6292,223,315,657,572
All/JPEGImages/Numazu_20170906135320.jpg,1,0.5896,122,359,228,596
All/JPEGImages/Numazu_20170906152326.jpg,1,0.5118,296,308,460,555
All/JPEGImages/Numazu_20170906144350.jpg,4,0.5025,225,292,551,585
All/JPEGImages/Numazu_20170907140707.jpg,7,0.9339,316,386,643,549
All/JPEGImages/Numazu_20170906151140.jpg,4,0.7617,228,343,446,599
All/JPEGImages/Numazu_20170906085104.jpg,7,0.5361,230,288,664,566
All/JPEGImages/Numazu_20170906103026.jpg,4,0.7188,329,419,627,554
All/JPEGImages/Numazu_20170907135408.jpg,7,0.5649,12,359,227,580
All/JPEGImages/Numazu_20170906105124.jpg,1,0.5939,294,287,417,579
All/JPEGImages/Numazu_20170907141934.jpg,7,0.5031,-13,387,173,578
All/JPEGImages/Numazu_20170906143550.jpg,4,0.5905,234,380,541,576
All/JPEGImages/Numazu_20170906143550.jpg,4,0.5397,-18,291,429,585
All/JPEGImages/Numazu_20170906093510.jpg,7,0.8906,202,327,679,577
All/JPEGImages/Numazu_20170906140143.jpg,7,0.6254,352,383,591,586
All/JPEGImages/Numazu_20170906095141.jpg,1,0.5677,-14,281,231,501
All/JPEGImages/Numazu_20170906091141.jpg,4,0.6304,102,477,582,592
All/JPEGImages/Numazu_20170906141533.jpg,1,0.6733,10,313,137,561
All/JPEGImages/Numazu_20170906141533.jpg,0,0.5083,248,338,345,611
All/JPEGImages/Numazu_20170907135825.jpg,7,0.9522,-18,345,240,594
All/JPEGImages/Numazu_20170907135825.jpg,7,0.6833,343,413,632,582
All/JPEGImages/Numazu_20170906095338.jpg,7,0.8120,-19,310,177,553
All/JPEGImages/Numazu_20170906104041.jpg,1,0.8381,251,284,327,590
All/JPEGImages/Numazu_20170906141238.jpg,7,0.5030,356,368,604,590
All/JPEGImages/Numazu_20170906141238.jpg,0,0.5494,294,276,404,619
All/JPEGImages/Numazu_20170907132453.jpg,7,0.7330,-27,394,195,574
All/JPEGImages/Numazu_20170906094402.jpg,7,0.7593,312,296,649,504
All/JPEGImages/Numazu_20170907132320.jpg,7,0.5792,374,443,525,599
All/JPEGImages/Numazu_20170906135619.jpg,4,0.6170,-25,349,340,543
All/JPEGImages/Numazu_20170906135619.jpg,4,0.5341,-21,278,530,605
All/JPEGImages/Numazu_20170906095801.jpg,7,0.6785,359,347,592,592
All/JPEGImages/Numazu_20170906105126.jpg,4,0.7796,-132,389,437,580
All/JPEGImages/Numazu_20170906142106.jpg,7,0.7237,372,393,601,585
All/JPEGImages/Numazu_20170906131824.jpg,6,0.6549,-45,379,553,597
All/JPEGImages/Numazu_20170906145800.jpg,4,0.5659,348,377,608,579
All/JPEGImages/Numazu_20170905144159.jpg,7,0.6198,276,444,409,531
All/JPEGImages/Numazu_20170906103937.jpg,4,0.6800,33,298,295,597
All/JPEGImages/Numazu_20170906130633.jpg,7,0.5685,255,304,681,582
All/JPEGImages/Numazu_20170906150123.jpg,1,0.5721,226,310,467,571
All/JPEGImages/Numazu_20170907141456.jpg,7,0.8645,90,370,231,587
All/JPEGImages/Numazu_20170906105628.jpg,7,0.8800,29,335,221,605
All/JPEGImages/Numazu_20170906084946.jpg,1,0.5002,275,252,355,605
All/JPEGImages/Numazu_20170905163340.jpg,7,0.6809,147,402,653,587
All/JPEGImages/Numazu_20170905163340.jpg,7,0.5881,-42,392,211,554
All/JPEGImages/Numazu_20170907150320.jpg,1,0.7380,224,338,298,605
All/JPEGImages/Numazu_20170907132314.jpg,7,0.5152,-30,378,238,585
All/JPEGImages/Numazu_20170907130612.jpg,1,0.6384,247,363,358,594
All/JPEGImages/Numazu_20170907143148.jpg,7,0.7497,-6,372,227,589
All/JPEGImages/Numazu_20170907143148.jpg,1,0.6053,256,400,506,583
All/JPEGImages/Numazu_20170906152349.jpg,7,0.7908,8,297,240,579
All/JPEGImages/Numazu_20170906145602.jpg,1,0.8551,258,304,464,559
All/JPEGImages/Numazu_20170906131936.jpg,7,0.5739,238,317,642,566
All/JPEGImages/Numazu_20170906152049.jpg,1,0.8764,23,294,242,584
All/JPEGImages/Numazu_20170906090118.jpg,1,0.7657,50,144,126,637
All/JPEGImages/Numazu_20170906095549.jpg,1,0.6736,496,300,568,594
All/JPEGImages/Numazu_20170906095549.jpg,0,0.6500,237,321,297,629
All/JPEGImages/Numazu_20170906095549.jpg,0,0.6005,246,272,343,616
All/JPEGImages/Numazu_20170906141251.jpg,0,0.7086,300,320,487,573
All/JPEGImages/Numazu_20170907133257.jpg,1,0.7885,106,393,208,583
All/JPEGImages/Numazu_20170907134414.jpg,7,0.6037,-38,387,202,552
All/JPEGImages/Numazu_20170906142445.jpg,7,0.8717,293,342,484,595
All/JPEGImages/Numazu_20170906142445.jpg,4,0.8057,-58,311,275,589
All/JPEGImages/Numazu_20170907142018.jpg,1,0.5913,261,373,321,590
All/JPEGImages/Numazu_20170906140750.jpg,1,0.9581,265,266,331,595
All/JPEGImages/Numazu_20170905144332.jpg,4,0.8232,108,403,570,586
All/JPEGImages/Numazu_20170906105642.jpg,7,0.9443,-57,249,284,538
All/JPEGImages/Numazu_20170906105642.jpg,7,0.8880,289,300,677,484
All/JPEGImages/Numazu_20170906144836.jpg,6,0.5507,-110,384,524,589
All/JPEGImages/Numazu_20170906154014.jpg,1,0.5828,12,288,225,569
All/JPEGImages/Numazu_20170906154014.jpg,0,0.5704,364,353,598,596
All/JPEGImages/Numazu_20170906084745.jpg,7,0.5834,163,276,746,502
All/JPEGImages/Numazu_20170906150757.jpg,7,0.7304,-33,285,199,485
All/JPEGImages/Numazu_20170906151135.jpg,4,0.7517,99,372,485,587
All/JPEGImages/Numazu_20170906095239.jpg,0,0.5697,259,323,516,569
All/JPEGImages/Numazu_20170907135619.jpg,4,0.8564,58,419,442,573
All/JPEGImages/Numazu_20170907145603.jpg,1,0.5473,12,450,108,600
All/JPEGImages/Numazu_20170906133630.jpg,7,0.5604,102,325,203,466
All/JPEGImages/Numazu_20170906133127.jpg,1,0.7431,19,267,124,512
All/JPEGImages/Numazu_20170906130734.jpg,7,0.7856,315,284,657,471
All/JPEGImages/Numazu_20170906105626.jpg,7,0.9272,-38,254,262,618
All/JPEGImages/Numazu_20170906105626.jpg,7,0.8824,295,296,659,463
All/JPEGImages/Numazu_20170906105626.jpg,7,0.6273,-24,369,202,585
All/JPEGImages/Numazu_20170906150114.jpg,1,0.7117,48,269,243,588
All/JPEGImages/Numazu_20170906100239.jpg,0,0.6615,185,314,327,574
All/JPEGImages/Numazu_20170906100218.jpg,0,0.5859,98,339,240,606
All/JPEGImages/Numazu_20170906132630.jpg,1,0.7089,230,251,277,621
All/JPEGImages/Numazu_20170906142731.jpg,4,0.5576,98,391,496,575
All/JPEGImages/Numazu_20170907141639.jpg,4,0.5996,22,423,304,576
All/JPEGImages/Numazu_20170907143145.jpg,7,0.5096,65,367,278,594
All/JPEGImages/Numazu_20170906135031.jpg,0,0.5132,87,274,224,595
All/JPEGImages/Numazu_20170906155039.jpg,7,0.6066,-14,313,170,541
All/JPEGImages/Numazu_20170906155039.jpg,1,0.6234,268,304,333,583
All/JPEGImages/Numazu_20170906101022.jpg,0,0.7879,207,259,289,610
All/JPEGImages/Numazu_20170906100251.jpg,4,0.6109,-64,331,286,529
All/JPEGImages/Numazu_20170906085511.jpg,1,0.8605,0,233,224,562
All/JPEGImages/Numazu_20170907141357.jpg,0,0.5131,293,344,401,612
All/JPEGImages/Numazu_20170906100215.jpg,4,0.6051,53,353,279,600
All/JPEGImages/Numazu_20170906100215.jpg,0,0.5910,139,259,264,630
All/JPEGImages/Numazu_20170907142015.jpg,4,0.5528,234,421,639,567
All/JPEGImages/Numazu_20170907142750.jpg,4,0.7802,19,407,478,590
All/JPEGImages/Numazu_20170906104117.jpg,1,0.7716,292,310,392,583
All/JPEGImages/Numazu_20170906154403.jpg,1,0.7385,64,277,196,607
All/JPEGImages/Numazu_20170906110032.jpg,7,0.8229,-45,241,249,507
All/JPEGImages/Numazu_20170906095927.jpg,7,0.5731,-34,273,183,476
All/JPEGImages/Numazu_20170906094613.jpg,7,0.8573,267,306,638,564
All/JPEGImages/Numazu_20170906103957.jpg,6,0.5280,-38,264,450,328
All/JPEGImages/Numazu_20170907135827.jpg,7,0.9036,-33,372,199,569
All/JPEGImages/Numazu_20170906133126.jpg,1,0.7092,21,274,137,512
All/JPEGImages/Numazu_20170906100817.jpg,7,0.5410,351,365,611,587
All/JPEGImages/Numazu_20170906131941.jpg,7,0.6541,298,370,564,595
All/JPEGImages/Numazu_20170906154924.jpg,7,0.6033,36,351,197,600
All/JPEGImages/Numazu_20170906105616.jpg,7,0.7371,-31,316,202,565
All/JPEGImages/Numazu_20170906105616.jpg,7,0.6952,283,299,676,484
All/JPEGImages/Numazu_20170906084606.jpg,7,0.5802,183,263,726,513
All/JPEGImages/Numazu_20170906091711.jpg,4,0.8460,-81,399,486,589
All/JPEGImages/Numazu_20170907141627.jpg,4,0.8367,-6,403,314,586
All/JPEGImages/Numazu_20170906144522.jpg,1,0.6909,137,263,215,616
All/JPEGImages/Numazu_20170906143455.jpg,1,0.5144,126,310,216,578
All/JPEGImages/Numazu_20170906143111.jpg,0,0.5284,275,371,423,582
All/JPEGImages/Numazu_20170906140315.jpg,1,0.5388,263,288,436,590
All/JPEGImages/Numazu_20170906103225.jpg,1,0.6032,13,237,209,539
All/JPEGImages/Numazu_20170906105610.jpg,7,0.8882,-13,288,259,598
All/JPEGImages/Numazu_20170906105610.jpg,7,0.6546,305,299,655,473
All/JPEGImages/Numazu_20170907135343.jpg,7,0.6589,74,357,242,598
All/JPEGImages/Numazu_20170906104520.jpg,4,0.5737,-21,347,255,539
All/JPEGImages/Numazu_20170907131054.jpg,7,0.8023,289,439,578,579
All/JPEGImages/Numazu_20170907131054.jpg,7,0.5553,-28,353,192,528
All/JPEGImages/Numazu_20170906154735.jpg,7,0.8887,339,378,603,574
All/JPEGImages/Numazu_20170906154735.jpg,4,0.8871,-59,372,362,583
All/JPEGImages/Numazu_20170906151220.jpg,1,0.5158,218,275,275,587
All/JPEGImages/Numazu_20170907130619.jpg,1,0.5151,299,360,324,634
All/JPEGImages/Numazu_20170907144204.jpg,7,0.7005,210,392,692,584
All/JPEGImages/Numazu_20170906103024.jpg,0,0.7141,106,278,237,601
All/JPEGImages/Numazu_20170906133448.jpg,7,0.8427,283,346,607,591
All/JPEGImages/Numazu_20170906140513.jpg,4,0.6298,-18,412,420,565
All/JPEGImages/Numazu_20170906153017.jpg,7,0.6897,-20,305,176,537
All/JPEGImages/Numazu_20170906153017.jpg,7,0.5207,-70,235,269,547
All/JPEGImages/Numazu_20170907141348.jpg,0,0.5326,406,369,565,601
All/JPEGImages/Numazu_20170906103713.jpg,7,0.5614,-22,293,250,596
All/JPEGImages/Numazu_20170907140900.jpg,4,0.6043,-106,392,338,581
All/JPEGImages/Numazu_20170906103137.jpg,1,0.8319,71,272,222,592
All/JPEGImages/Numazu_20170906150755.jpg,7,0.6514,-35,274,193,475
All/JPEGImages/Numazu_20170906150755.jpg,1,0.5647,302,304,572,559
All/JPEGImages/Numazu_20170906100901.jpg,7,0.8858,-41,236,277,561
All/JPEGImages/Numazu_20170906100901.jpg,7,0.7153,314,310,663,525
All/JPEGImages/Numazu_20170906100901.jpg,7,0.6563,128,277,783,499
All/JPEGImages/Numazu_20170906095312.jpg,4,0.7586,38,354,265,593
All/JPEGImages/Numazu_20170906100219.jpg,0,0.6655,99,286,235,599
All/JPEGImages/Numazu_20170906150926.jpg,4,0.8548,109,403,664,589
All/JPEGImages/Numazu_20170906150926.jpg,4,0.5579,275,438,581,590
All/JPEGImages/Numazu_20170906133454.jpg,7,0.7973,252,316,701,558
All/JPEGImages/Numazu_20170906133454.jpg,7,0.5867,-15,294,237,581
All/JPEGImages/Sumida_20170914171527.jpg,7,0.8939,329,383,641,548
All/JPEGImages/Sumida_20170915161138.jpg,1,0.5695,160,398,238,552
All/JPEGImages/Sumida_20170915095903.jpg,7,0.6512,332,406,613,566
All/JPEGImages/Sumida_20170915155813.jpg,7,0.5673,-39,420,274,567
All/JPEGImages/Sumida_20170913161122.jpg,7,0.5021,208,448,301,549
All/JPEGImages/Sumida_20170912095827.jpg,7,0.7292,-22,434,257,589
All/JPEGImages/Sumida_20170912095827.jpg,7,0.5098,324,417,625,578
All/JPEGImages/Sumida_20170911145237.jpg,6,0.5002,-181,490,771,539
All/JPEGImages/Sumida_20170911153235.jpg,7,0.5482,333,418,646,575
All/JPEGImages/Sumida_20170920144537.jpg,7,0.5269,277,395,632,555
All/JPEGImages/Sumida_20170920144526.jpg,7,0.6056,324,398,535,557
All/JPEGImages/Sumida_20170914171138.jpg,7,0.8361,324,396,661,542
All/JPEGImages/Sumida_20170920153215.jpg,7,0.7748,305,405,570,554
All/JPEGImages/Sumida_20170920153505.jpg,7,0.8466,310,411,586,544
All/JPEGImages/Sumida_20170907170425.jpg,1,0.6956,304,399,327,547
All/JPEGImages/Sumida_20170915161146.jpg,7,0.6743,345,406,601,564
All/JPEGImages/Sumida_20170908152516.jpg,7,0.5347,16,406,121,566
All/JPEGImages/Sumida_20170912145948.jpg,6,0.8178,-68,450,653,497
All/JPEGImages/Sumida_20170913161107.jpg,7,0.6311,291,400,613,555
All/JPEGImages/Sumida_20170915155129.jpg,1,0.5458,338,406,379,534
All/JPEGImages/Sumida_20170915161157.jpg,7,0.8077,294,398,611,543
All/JPEGImages/Sumida_20170920144717.jpg,7,0.7716,329,394,655,553
All/JPEGImages/Sumida_20170913154334.jpg,7,0.5655,299,384,608,549
All/JPEGImages/Sumida_20170915091400.jpg,7,0.8156,336,414,639,562
All/JPEGImages/Sumida_20170915091400.jpg,7,0.6646,15,459,138,582
